GPU,Avg Inference Time (ms),Requests Per Second
A100,1519.566181229382,0.6580825582673636
