GPU,Avg Inference Time (ms),Requests Per Second
A10G,13504.728764295578,0.0740481365789327
