GPU,Avg Inference Time (ms),Requests Per Second
RTX4090,1801.0535562360608,0.5552305740923408
