GPU,Avg Inference Time (ms),Requests Per Second
T4,29971.440076828003,0.03336509682006024
