GPU,Avg Inference Time (ms),Requests Per Second
A100,6218.726328441075,0.16080463220041433
