GPU,Avg Inference Time (ms),Requests Per Second
A10G,7552.205999692281,0.13241164237849784
