GPU,Avg Inference Time (ms),Requests Per Second
RTX4090,7714.011569817861,0.12963423647335953
