GPU,Avg Inference Time (ms),Requests Per Second
T4,12498.955249786377,0.08000668696026345
