GPU,Avg Inference Time (ms),Requests Per Second
A100,559.3594389577066,1.7877592302069123
