GPU,Avg Inference Time (ms),Requests Per Second
A10G,687.1475269054545,1.4552915652676013
