GPU,Avg Inference Time (ms),Requests Per Second
RTX4090,732.7044846718771,1.3648067139207212
