GPU,Avg Inference Time (ms),Requests Per Second
T4,1169.6785238054063,0.8549357619618612
